{"name":"jquery-stepProgressBar","tagline":"A jQuery / CSS progress bar that can display several steps","body":"## StepProgressBar [IN PROGRESS]\r\n\r\nProgress bars are a bit limited when you want to display several steps on it (usually the bar starts at 0 and finishes at 100, so current value is in percents).\r\n\r\nThe aim of this plugin is to easily build fully customizable progress bar, that can handle more than one single step.\r\n\r\n## Installation\r\n\r\nFor now, the plugin has only dependencies with jQuery, so you can include it like following with plugin's js & css files.\r\n\r\n## Usage\r\n\r\n**HTML**\r\n```html\r\n    <head>\r\n        <link href=\"path/to/plugin/jquery.StepProgressBar.css\" rel=\"stylesheet\">\r\n    </head>\r\n    <body>\r\n        <div id=\"element\"></div>\r\n        <script src=\"path/to/jquery/jquery.js\"></script>\r\n        <script src=\"path/to/plugin/jquery.StepProgressBar.js\"></script>\r\n    </body>\r\n```\r\n\r\n**JAVASCRIPT**\r\n```javascript\r\n    $(document).ready(function() {\r\n        $('#element').stepProgressBar({\r\n            currentValue: 50,\r\n            steps: [\r\n                {value: 0},\r\n                {value: 100}\r\n            ]\r\n        });\r\n    });\r\n```\r\n\r\n## License\r\n\r\nThe plugin is under MIT License\r\n","google":"","note":"Don't delete this file! It's used internally to help with page regeneration."}